/*
 Navicat Premium Data Transfer

 Source Server         : 2_local_mysql_8.0.22
 Source Server Type    : MySQL
 Source Server Version : 80022
 Source Host           : localhost:3306
 Source Schema         : school

 Target Server Type    : MySQL
 Target Server Version : 80022
 File Encoding         : 65001

 Date: 25/02/2023 00:43:10
*/

SET NAMES utf8mb4;
SET FOREIGN_KEY_CHECKS = 0;

-- ----------------------------
-- Table structure for tb_class
-- ----------------------------
DROP TABLE IF EXISTS `tb_class`;
CREATE TABLE `tb_class`  (
  `class_id` bigint NOT NULL AUTO_INCREMENT COMMENT '班级编号',
  `class_name` varchar(64) CHARACTER SET utf8mb4 COLLATE utf8mb4_general_ci NULL DEFAULT NULL COMMENT '班级名称',
  `class_grade` varchar(25) CHARACTER SET utf8mb4 COLLATE utf8mb4_general_ci NULL DEFAULT NULL COMMENT '年级',
  `head_teacher` varchar(10) CHARACTER SET utf8mb4 COLLATE utf8mb4_general_ci NULL DEFAULT NULL COMMENT '班主任姓名',
  PRIMARY KEY (`class_id`) USING BTREE
) ENGINE = InnoDB CHARACTER SET = utf8mb4 COLLATE = utf8mb4_general_ci ROW_FORMAT = Dynamic;

-- ----------------------------
-- Records of tb_class
-- ----------------------------
INSERT INTO `tb_class` VALUES (1, '高一一班', '高一', '范闲');
INSERT INTO `tb_class` VALUES (2, '高一二班', '高一', '林婉儿');
INSERT INTO `tb_class` VALUES (3, '高一三班', '高一', '庆帝');
INSERT INTO `tb_class` VALUES (4, '高二一班', '高二', '陈萍萍');
INSERT INTO `tb_class` VALUES (5, '高二二班', '高二', '海棠朵朵');
INSERT INTO `tb_class` VALUES (6, '高二三班', '高二', '范若若');
INSERT INTO `tb_class` VALUES (7, '高三一班', '高三', '司理理');
INSERT INTO `tb_class` VALUES (8, '高三二班', '高三', '战豆豆');
INSERT INTO `tb_class` VALUES (9, '高三三班', '高三', '言冰云');

-- ----------------------------
-- Table structure for tb_score
-- ----------------------------
DROP TABLE IF EXISTS `tb_score`;
CREATE TABLE `tb_score`  (
  `score_id` bigint NOT NULL AUTO_INCREMENT COMMENT '成绩编号',
  `student_id` bigint NULL DEFAULT NULL COMMENT '学生编号',
  `course_name` varchar(25) CHARACTER SET utf8mb4 COLLATE utf8mb4_general_ci NULL DEFAULT NULL COMMENT '课程名称',
  `score` double(5, 0) NULL DEFAULT NULL COMMENT '课程成绩',
  PRIMARY KEY (`score_id`) USING BTREE
) ENGINE = InnoDB CHARACTER SET = utf8mb4 COLLATE = utf8mb4_general_ci ROW_FORMAT = Dynamic;

-- ----------------------------
-- Records of tb_score
-- ----------------------------
INSERT INTO `tb_score` VALUES (1, 1, '语文', 36);
INSERT INTO `tb_score` VALUES (2, 1, '数学', 69);
INSERT INTO `tb_score` VALUES (3, 1, '英语', 70);
INSERT INTO `tb_score` VALUES (4, 1, '物理', 34);
INSERT INTO `tb_score` VALUES (5, 1, '化学', 76);
INSERT INTO `tb_score` VALUES (6, 1, '生物', 38);
INSERT INTO `tb_score` VALUES (7, 2, '语文', 49);
INSERT INTO `tb_score` VALUES (8, 2, '数学', 59);
INSERT INTO `tb_score` VALUES (9, 2, '英语', 47);
INSERT INTO `tb_score` VALUES (10, 2, '物理', 87);
INSERT INTO `tb_score` VALUES (11, 2, '化学', 73);
INSERT INTO `tb_score` VALUES (12, 2, '生物', 61);
INSERT INTO `tb_score` VALUES (13, 3, '语文', 37);
INSERT INTO `tb_score` VALUES (14, 3, '数学', 89);
INSERT INTO `tb_score` VALUES (15, 3, '英语', 93);
INSERT INTO `tb_score` VALUES (16, 3, '物理', 33);
INSERT INTO `tb_score` VALUES (17, 3, '化学', 47);
INSERT INTO `tb_score` VALUES (18, 3, '生物', 74);
INSERT INTO `tb_score` VALUES (19, 4, '语文', 87);
INSERT INTO `tb_score` VALUES (20, 4, '数学', 86);
INSERT INTO `tb_score` VALUES (21, 4, '英语', 38);
INSERT INTO `tb_score` VALUES (22, 4, '物理', 43);
INSERT INTO `tb_score` VALUES (23, 4, '化学', 83);
INSERT INTO `tb_score` VALUES (24, 4, '生物', 49);
INSERT INTO `tb_score` VALUES (25, 5, '语文', 57);
INSERT INTO `tb_score` VALUES (26, 5, '数学', 82);
INSERT INTO `tb_score` VALUES (27, 5, '英语', 62);
INSERT INTO `tb_score` VALUES (28, 5, '物理', 64);
INSERT INTO `tb_score` VALUES (29, 5, '化学', 53);
INSERT INTO `tb_score` VALUES (30, 5, '生物', 71);
INSERT INTO `tb_score` VALUES (31, 6, '语文', 65);
INSERT INTO `tb_score` VALUES (32, 6, '数学', 55);
INSERT INTO `tb_score` VALUES (33, 6, '英语', 65);
INSERT INTO `tb_score` VALUES (34, 6, '物理', 52);
INSERT INTO `tb_score` VALUES (35, 6, '化学', 80);
INSERT INTO `tb_score` VALUES (36, 6, '生物', 60);
INSERT INTO `tb_score` VALUES (37, 7, '语文', 32);
INSERT INTO `tb_score` VALUES (38, 7, '数学', 33);
INSERT INTO `tb_score` VALUES (39, 7, '英语', 96);
INSERT INTO `tb_score` VALUES (40, 7, '物理', 60);
INSERT INTO `tb_score` VALUES (41, 7, '化学', 58);
INSERT INTO `tb_score` VALUES (42, 7, '生物', 53);
INSERT INTO `tb_score` VALUES (43, 8, '语文', 65);
INSERT INTO `tb_score` VALUES (44, 8, '数学', 30);
INSERT INTO `tb_score` VALUES (45, 8, '英语', 89);
INSERT INTO `tb_score` VALUES (46, 8, '物理', 53);
INSERT INTO `tb_score` VALUES (47, 8, '化学', 99);
INSERT INTO `tb_score` VALUES (48, 8, '生物', 88);
INSERT INTO `tb_score` VALUES (49, 9, '语文', 82);
INSERT INTO `tb_score` VALUES (50, 9, '数学', 92);
INSERT INTO `tb_score` VALUES (51, 9, '英语', 80);
INSERT INTO `tb_score` VALUES (52, 9, '物理', 44);
INSERT INTO `tb_score` VALUES (53, 9, '化学', 32);
INSERT INTO `tb_score` VALUES (54, 9, '生物', 82);
INSERT INTO `tb_score` VALUES (55, 10, '语文', 83);
INSERT INTO `tb_score` VALUES (56, 10, '数学', 46);
INSERT INTO `tb_score` VALUES (57, 10, '英语', 73);
INSERT INTO `tb_score` VALUES (58, 10, '物理', 48);
INSERT INTO `tb_score` VALUES (59, 10, '化学', 53);
INSERT INTO `tb_score` VALUES (60, 10, '生物', 49);
INSERT INTO `tb_score` VALUES (61, 11, '语文', 97);
INSERT INTO `tb_score` VALUES (62, 11, '数学', 94);
INSERT INTO `tb_score` VALUES (63, 11, '英语', 72);
INSERT INTO `tb_score` VALUES (64, 11, '物理', 72);
INSERT INTO `tb_score` VALUES (65, 11, '化学', 35);
INSERT INTO `tb_score` VALUES (66, 11, '生物', 69);
INSERT INTO `tb_score` VALUES (67, 12, '语文', 91);
INSERT INTO `tb_score` VALUES (68, 12, '数学', 53);
INSERT INTO `tb_score` VALUES (69, 12, '英语', 50);
INSERT INTO `tb_score` VALUES (70, 12, '物理', 75);
INSERT INTO `tb_score` VALUES (71, 12, '化学', 48);
INSERT INTO `tb_score` VALUES (72, 12, '生物', 39);
INSERT INTO `tb_score` VALUES (73, 13, '语文', 35);
INSERT INTO `tb_score` VALUES (74, 13, '数学', 65);
INSERT INTO `tb_score` VALUES (75, 13, '英语', 97);
INSERT INTO `tb_score` VALUES (76, 13, '物理', 37);
INSERT INTO `tb_score` VALUES (77, 13, '化学', 99);
INSERT INTO `tb_score` VALUES (78, 13, '生物', 42);
INSERT INTO `tb_score` VALUES (79, 14, '语文', 67);
INSERT INTO `tb_score` VALUES (80, 14, '数学', 95);
INSERT INTO `tb_score` VALUES (81, 14, '英语', 83);
INSERT INTO `tb_score` VALUES (82, 14, '物理', 31);
INSERT INTO `tb_score` VALUES (83, 14, '化学', 68);
INSERT INTO `tb_score` VALUES (84, 14, '生物', 77);
INSERT INTO `tb_score` VALUES (85, 15, '语文', 51);
INSERT INTO `tb_score` VALUES (86, 15, '数学', 62);
INSERT INTO `tb_score` VALUES (87, 15, '英语', 73);
INSERT INTO `tb_score` VALUES (88, 15, '物理', 90);
INSERT INTO `tb_score` VALUES (89, 15, '化学', 44);
INSERT INTO `tb_score` VALUES (90, 15, '生物', 41);
INSERT INTO `tb_score` VALUES (91, 16, '语文', 46);
INSERT INTO `tb_score` VALUES (92, 16, '数学', 35);
INSERT INTO `tb_score` VALUES (93, 16, '英语', 36);
INSERT INTO `tb_score` VALUES (94, 16, '物理', 77);
INSERT INTO `tb_score` VALUES (95, 16, '化学', 30);
INSERT INTO `tb_score` VALUES (96, 16, '生物', 65);
INSERT INTO `tb_score` VALUES (97, 17, '语文', 57);
INSERT INTO `tb_score` VALUES (98, 17, '数学', 62);
INSERT INTO `tb_score` VALUES (99, 17, '英语', 49);
INSERT INTO `tb_score` VALUES (100, 17, '物理', 73);
INSERT INTO `tb_score` VALUES (101, 17, '化学', 91);
INSERT INTO `tb_score` VALUES (102, 17, '生物', 42);
INSERT INTO `tb_score` VALUES (103, 18, '语文', 50);
INSERT INTO `tb_score` VALUES (104, 18, '数学', 42);
INSERT INTO `tb_score` VALUES (105, 18, '英语', 33);
INSERT INTO `tb_score` VALUES (106, 18, '物理', 38);
INSERT INTO `tb_score` VALUES (107, 18, '化学', 38);
INSERT INTO `tb_score` VALUES (108, 18, '生物', 81);
INSERT INTO `tb_score` VALUES (109, 19, '语文', 38);
INSERT INTO `tb_score` VALUES (110, 19, '数学', 53);
INSERT INTO `tb_score` VALUES (111, 19, '英语', 75);
INSERT INTO `tb_score` VALUES (112, 19, '物理', 71);
INSERT INTO `tb_score` VALUES (113, 19, '化学', 32);
INSERT INTO `tb_score` VALUES (114, 19, '生物', 87);
INSERT INTO `tb_score` VALUES (115, 20, '语文', 59);
INSERT INTO `tb_score` VALUES (116, 20, '数学', 38);
INSERT INTO `tb_score` VALUES (117, 20, '英语', 31);
INSERT INTO `tb_score` VALUES (118, 20, '物理', 84);
INSERT INTO `tb_score` VALUES (119, 20, '化学', 35);
INSERT INTO `tb_score` VALUES (120, 20, '生物', 71);
INSERT INTO `tb_score` VALUES (121, 21, '语文', 55);
INSERT INTO `tb_score` VALUES (122, 21, '数学', 74);
INSERT INTO `tb_score` VALUES (123, 21, '英语', 97);
INSERT INTO `tb_score` VALUES (124, 21, '物理', 42);
INSERT INTO `tb_score` VALUES (125, 21, '化学', 92);
INSERT INTO `tb_score` VALUES (126, 21, '生物', 57);
INSERT INTO `tb_score` VALUES (127, 22, '语文', 86);
INSERT INTO `tb_score` VALUES (128, 22, '数学', 93);
INSERT INTO `tb_score` VALUES (129, 22, '英语', 57);
INSERT INTO `tb_score` VALUES (130, 22, '物理', 69);
INSERT INTO `tb_score` VALUES (131, 22, '化学', 31);
INSERT INTO `tb_score` VALUES (132, 22, '生物', 93);
INSERT INTO `tb_score` VALUES (133, 23, '语文', 51);
INSERT INTO `tb_score` VALUES (134, 23, '数学', 93);
INSERT INTO `tb_score` VALUES (135, 23, '英语', 76);
INSERT INTO `tb_score` VALUES (136, 23, '物理', 81);
INSERT INTO `tb_score` VALUES (137, 23, '化学', 42);
INSERT INTO `tb_score` VALUES (138, 23, '生物', 65);
INSERT INTO `tb_score` VALUES (139, 24, '语文', 64);
INSERT INTO `tb_score` VALUES (140, 24, '数学', 54);
INSERT INTO `tb_score` VALUES (141, 24, '英语', 51);
INSERT INTO `tb_score` VALUES (142, 24, '物理', 92);
INSERT INTO `tb_score` VALUES (143, 24, '化学', 67);
INSERT INTO `tb_score` VALUES (144, 24, '生物', 33);
INSERT INTO `tb_score` VALUES (145, 25, '语文', 45);
INSERT INTO `tb_score` VALUES (146, 25, '数学', 34);
INSERT INTO `tb_score` VALUES (147, 25, '英语', 68);
INSERT INTO `tb_score` VALUES (148, 25, '物理', 31);
INSERT INTO `tb_score` VALUES (149, 25, '化学', 67);
INSERT INTO `tb_score` VALUES (150, 25, '生物', 44);
INSERT INTO `tb_score` VALUES (151, 26, '语文', 74);
INSERT INTO `tb_score` VALUES (152, 26, '数学', 91);
INSERT INTO `tb_score` VALUES (153, 26, '英语', 75);
INSERT INTO `tb_score` VALUES (154, 26, '物理', 32);
INSERT INTO `tb_score` VALUES (155, 26, '化学', 47);
INSERT INTO `tb_score` VALUES (156, 26, '生物', 52);
INSERT INTO `tb_score` VALUES (157, 27, '语文', 56);
INSERT INTO `tb_score` VALUES (158, 27, '数学', 80);
INSERT INTO `tb_score` VALUES (159, 27, '英语', 92);
INSERT INTO `tb_score` VALUES (160, 27, '物理', 61);
INSERT INTO `tb_score` VALUES (161, 27, '化学', 91);
INSERT INTO `tb_score` VALUES (162, 27, '生物', 80);
INSERT INTO `tb_score` VALUES (163, 28, '语文', 82);
INSERT INTO `tb_score` VALUES (164, 28, '数学', 48);
INSERT INTO `tb_score` VALUES (165, 28, '英语', 35);
INSERT INTO `tb_score` VALUES (166, 28, '物理', 68);
INSERT INTO `tb_score` VALUES (167, 28, '化学', 95);
INSERT INTO `tb_score` VALUES (168, 28, '生物', 79);
INSERT INTO `tb_score` VALUES (169, 29, '语文', 49);
INSERT INTO `tb_score` VALUES (170, 29, '数学', 99);
INSERT INTO `tb_score` VALUES (171, 29, '英语', 61);
INSERT INTO `tb_score` VALUES (172, 29, '物理', 94);
INSERT INTO `tb_score` VALUES (173, 29, '化学', 71);
INSERT INTO `tb_score` VALUES (174, 29, '生物', 62);
INSERT INTO `tb_score` VALUES (175, 30, '语文', 67);
INSERT INTO `tb_score` VALUES (176, 30, '数学', 89);
INSERT INTO `tb_score` VALUES (177, 30, '英语', 79);
INSERT INTO `tb_score` VALUES (178, 30, '物理', 45);
INSERT INTO `tb_score` VALUES (179, 30, '化学', 83);
INSERT INTO `tb_score` VALUES (180, 30, '生物', 86);
INSERT INTO `tb_score` VALUES (181, 31, '语文', 95);
INSERT INTO `tb_score` VALUES (182, 31, '数学', 61);
INSERT INTO `tb_score` VALUES (183, 31, '英语', 50);
INSERT INTO `tb_score` VALUES (184, 31, '物理', 73);
INSERT INTO `tb_score` VALUES (185, 31, '化学', 61);
INSERT INTO `tb_score` VALUES (186, 31, '生物', 46);
INSERT INTO `tb_score` VALUES (187, 32, '语文', 46);
INSERT INTO `tb_score` VALUES (188, 32, '数学', 96);
INSERT INTO `tb_score` VALUES (189, 32, '英语', 33);
INSERT INTO `tb_score` VALUES (190, 32, '物理', 32);
INSERT INTO `tb_score` VALUES (191, 32, '化学', 96);
INSERT INTO `tb_score` VALUES (192, 32, '生物', 65);
INSERT INTO `tb_score` VALUES (193, 33, '语文', 81);
INSERT INTO `tb_score` VALUES (194, 33, '数学', 48);
INSERT INTO `tb_score` VALUES (195, 33, '英语', 32);
INSERT INTO `tb_score` VALUES (196, 33, '物理', 39);
INSERT INTO `tb_score` VALUES (197, 33, '化学', 67);
INSERT INTO `tb_score` VALUES (198, 33, '生物', 33);
INSERT INTO `tb_score` VALUES (199, 34, '语文', 90);
INSERT INTO `tb_score` VALUES (200, 34, '数学', 76);
INSERT INTO `tb_score` VALUES (201, 34, '英语', 81);
INSERT INTO `tb_score` VALUES (202, 34, '物理', 50);
INSERT INTO `tb_score` VALUES (203, 34, '化学', 45);
INSERT INTO `tb_score` VALUES (204, 34, '生物', 94);
INSERT INTO `tb_score` VALUES (205, 35, '语文', 76);
INSERT INTO `tb_score` VALUES (206, 35, '数学', 56);
INSERT INTO `tb_score` VALUES (207, 35, '英语', 83);
INSERT INTO `tb_score` VALUES (208, 35, '物理', 92);
INSERT INTO `tb_score` VALUES (209, 35, '化学', 38);
INSERT INTO `tb_score` VALUES (210, 35, '生物', 94);
INSERT INTO `tb_score` VALUES (211, 36, '语文', 39);
INSERT INTO `tb_score` VALUES (212, 36, '数学', 34);
INSERT INTO `tb_score` VALUES (213, 36, '英语', 82);
INSERT INTO `tb_score` VALUES (214, 36, '物理', 95);
INSERT INTO `tb_score` VALUES (215, 36, '化学', 31);
INSERT INTO `tb_score` VALUES (216, 36, '生物', 54);
INSERT INTO `tb_score` VALUES (217, 37, '语文', 54);
INSERT INTO `tb_score` VALUES (218, 37, '数学', 70);
INSERT INTO `tb_score` VALUES (219, 37, '英语', 70);
INSERT INTO `tb_score` VALUES (220, 37, '物理', 55);
INSERT INTO `tb_score` VALUES (221, 37, '化学', 90);
INSERT INTO `tb_score` VALUES (222, 37, '生物', 34);
INSERT INTO `tb_score` VALUES (223, 38, '语文', 52);
INSERT INTO `tb_score` VALUES (224, 38, '数学', 61);
INSERT INTO `tb_score` VALUES (225, 38, '英语', 32);
INSERT INTO `tb_score` VALUES (226, 38, '物理', 30);
INSERT INTO `tb_score` VALUES (227, 38, '化学', 58);
INSERT INTO `tb_score` VALUES (228, 38, '生物', 43);
INSERT INTO `tb_score` VALUES (229, 39, '语文', 99);
INSERT INTO `tb_score` VALUES (230, 39, '数学', 43);
INSERT INTO `tb_score` VALUES (231, 39, '英语', 49);
INSERT INTO `tb_score` VALUES (232, 39, '物理', 35);
INSERT INTO `tb_score` VALUES (233, 39, '化学', 92);
INSERT INTO `tb_score` VALUES (234, 39, '生物', 63);
INSERT INTO `tb_score` VALUES (235, 40, '语文', 90);
INSERT INTO `tb_score` VALUES (236, 40, '数学', 45);
INSERT INTO `tb_score` VALUES (237, 40, '英语', 35);
INSERT INTO `tb_score` VALUES (238, 40, '物理', 44);
INSERT INTO `tb_score` VALUES (239, 40, '化学', 71);
INSERT INTO `tb_score` VALUES (240, 40, '生物', 38);
INSERT INTO `tb_score` VALUES (241, 41, '语文', 76);
INSERT INTO `tb_score` VALUES (242, 41, '数学', 84);
INSERT INTO `tb_score` VALUES (243, 41, '英语', 75);
INSERT INTO `tb_score` VALUES (244, 41, '物理', 30);
INSERT INTO `tb_score` VALUES (245, 41, '化学', 44);
INSERT INTO `tb_score` VALUES (246, 41, '生物', 57);
INSERT INTO `tb_score` VALUES (247, 42, '语文', 52);
INSERT INTO `tb_score` VALUES (248, 42, '数学', 44);
INSERT INTO `tb_score` VALUES (249, 42, '英语', 96);
INSERT INTO `tb_score` VALUES (250, 42, '物理', 77);
INSERT INTO `tb_score` VALUES (251, 42, '化学', 82);
INSERT INTO `tb_score` VALUES (252, 42, '生物', 33);
INSERT INTO `tb_score` VALUES (253, 43, '语文', 82);
INSERT INTO `tb_score` VALUES (254, 43, '数学', 66);
INSERT INTO `tb_score` VALUES (255, 43, '英语', 36);
INSERT INTO `tb_score` VALUES (256, 43, '物理', 46);
INSERT INTO `tb_score` VALUES (257, 43, '化学', 48);
INSERT INTO `tb_score` VALUES (258, 43, '生物', 33);
INSERT INTO `tb_score` VALUES (259, 44, '语文', 54);
INSERT INTO `tb_score` VALUES (260, 44, '数学', 64);
INSERT INTO `tb_score` VALUES (261, 44, '英语', 86);
INSERT INTO `tb_score` VALUES (262, 44, '物理', 43);
INSERT INTO `tb_score` VALUES (263, 44, '化学', 85);
INSERT INTO `tb_score` VALUES (264, 44, '生物', 56);
INSERT INTO `tb_score` VALUES (265, 45, '语文', 66);
INSERT INTO `tb_score` VALUES (266, 45, '数学', 68);
INSERT INTO `tb_score` VALUES (267, 45, '英语', 54);
INSERT INTO `tb_score` VALUES (268, 45, '物理', 46);
INSERT INTO `tb_score` VALUES (269, 45, '化学', 45);
INSERT INTO `tb_score` VALUES (270, 45, '生物', 66);
INSERT INTO `tb_score` VALUES (271, 46, '语文', 63);
INSERT INTO `tb_score` VALUES (272, 46, '数学', 61);
INSERT INTO `tb_score` VALUES (273, 46, '英语', 74);
INSERT INTO `tb_score` VALUES (274, 46, '物理', 93);
INSERT INTO `tb_score` VALUES (275, 46, '化学', 56);
INSERT INTO `tb_score` VALUES (276, 46, '生物', 89);
INSERT INTO `tb_score` VALUES (277, 47, '语文', 44);
INSERT INTO `tb_score` VALUES (278, 47, '数学', 43);
INSERT INTO `tb_score` VALUES (279, 47, '英语', 69);
INSERT INTO `tb_score` VALUES (280, 47, '物理', 96);
INSERT INTO `tb_score` VALUES (281, 47, '化学', 58);
INSERT INTO `tb_score` VALUES (282, 47, '生物', 97);
INSERT INTO `tb_score` VALUES (283, 48, '语文', 67);
INSERT INTO `tb_score` VALUES (284, 48, '数学', 63);
INSERT INTO `tb_score` VALUES (285, 48, '英语', 36);
INSERT INTO `tb_score` VALUES (286, 48, '物理', 47);
INSERT INTO `tb_score` VALUES (287, 48, '化学', 92);
INSERT INTO `tb_score` VALUES (288, 48, '生物', 84);
INSERT INTO `tb_score` VALUES (289, 49, '语文', 31);
INSERT INTO `tb_score` VALUES (290, 49, '数学', 48);
INSERT INTO `tb_score` VALUES (291, 49, '英语', 78);
INSERT INTO `tb_score` VALUES (292, 49, '物理', 42);
INSERT INTO `tb_score` VALUES (293, 49, '化学', 58);
INSERT INTO `tb_score` VALUES (294, 49, '生物', 97);
INSERT INTO `tb_score` VALUES (295, 50, '语文', 42);
INSERT INTO `tb_score` VALUES (296, 50, '数学', 56);
INSERT INTO `tb_score` VALUES (297, 50, '英语', 36);
INSERT INTO `tb_score` VALUES (298, 50, '物理', 82);
INSERT INTO `tb_score` VALUES (299, 50, '化学', 49);
INSERT INTO `tb_score` VALUES (300, 50, '生物', 90);
INSERT INTO `tb_score` VALUES (301, 51, '语文', 50);
INSERT INTO `tb_score` VALUES (302, 51, '数学', 62);
INSERT INTO `tb_score` VALUES (303, 51, '英语', 33);
INSERT INTO `tb_score` VALUES (304, 51, '物理', 42);
INSERT INTO `tb_score` VALUES (305, 51, '化学', 67);
INSERT INTO `tb_score` VALUES (306, 51, '生物', 67);
INSERT INTO `tb_score` VALUES (307, 52, '语文', 46);
INSERT INTO `tb_score` VALUES (308, 52, '数学', 48);
INSERT INTO `tb_score` VALUES (309, 52, '英语', 80);
INSERT INTO `tb_score` VALUES (310, 52, '物理', 94);
INSERT INTO `tb_score` VALUES (311, 52, '化学', 66);
INSERT INTO `tb_score` VALUES (312, 52, '生物', 34);
INSERT INTO `tb_score` VALUES (313, 53, '语文', 99);
INSERT INTO `tb_score` VALUES (314, 53, '数学', 93);
INSERT INTO `tb_score` VALUES (315, 53, '英语', 49);
INSERT INTO `tb_score` VALUES (316, 53, '物理', 80);
INSERT INTO `tb_score` VALUES (317, 53, '化学', 88);
INSERT INTO `tb_score` VALUES (318, 53, '生物', 36);
INSERT INTO `tb_score` VALUES (319, 54, '语文', 47);
INSERT INTO `tb_score` VALUES (320, 54, '数学', 47);
INSERT INTO `tb_score` VALUES (321, 54, '英语', 81);
INSERT INTO `tb_score` VALUES (322, 54, '物理', 87);
INSERT INTO `tb_score` VALUES (323, 54, '化学', 56);
INSERT INTO `tb_score` VALUES (324, 54, '生物', 41);
INSERT INTO `tb_score` VALUES (325, 55, '语文', 75);
INSERT INTO `tb_score` VALUES (326, 55, '数学', 78);
INSERT INTO `tb_score` VALUES (327, 55, '英语', 43);
INSERT INTO `tb_score` VALUES (328, 55, '物理', 87);
INSERT INTO `tb_score` VALUES (329, 55, '化学', 79);
INSERT INTO `tb_score` VALUES (330, 55, '生物', 73);
INSERT INTO `tb_score` VALUES (331, 56, '语文', 30);
INSERT INTO `tb_score` VALUES (332, 56, '数学', 71);
INSERT INTO `tb_score` VALUES (333, 56, '英语', 74);
INSERT INTO `tb_score` VALUES (334, 56, '物理', 62);
INSERT INTO `tb_score` VALUES (335, 56, '化学', 61);
INSERT INTO `tb_score` VALUES (336, 56, '生物', 87);
INSERT INTO `tb_score` VALUES (337, 57, '语文', 58);
INSERT INTO `tb_score` VALUES (338, 57, '数学', 72);
INSERT INTO `tb_score` VALUES (339, 57, '英语', 61);
INSERT INTO `tb_score` VALUES (340, 57, '物理', 37);
INSERT INTO `tb_score` VALUES (341, 57, '化学', 85);
INSERT INTO `tb_score` VALUES (342, 57, '生物', 77);
INSERT INTO `tb_score` VALUES (343, 58, '语文', 60);
INSERT INTO `tb_score` VALUES (344, 58, '数学', 46);
INSERT INTO `tb_score` VALUES (345, 58, '英语', 94);
INSERT INTO `tb_score` VALUES (346, 58, '物理', 50);
INSERT INTO `tb_score` VALUES (347, 58, '化学', 87);
INSERT INTO `tb_score` VALUES (348, 58, '生物', 47);
INSERT INTO `tb_score` VALUES (349, 59, '语文', 51);
INSERT INTO `tb_score` VALUES (350, 59, '数学', 53);
INSERT INTO `tb_score` VALUES (351, 59, '英语', 55);
INSERT INTO `tb_score` VALUES (352, 59, '物理', 89);
INSERT INTO `tb_score` VALUES (353, 59, '化学', 42);
INSERT INTO `tb_score` VALUES (354, 59, '生物', 48);
INSERT INTO `tb_score` VALUES (355, 60, '语文', 37);
INSERT INTO `tb_score` VALUES (356, 60, '数学', 57);
INSERT INTO `tb_score` VALUES (357, 60, '英语', 54);
INSERT INTO `tb_score` VALUES (358, 60, '物理', 57);
INSERT INTO `tb_score` VALUES (359, 60, '化学', 71);
INSERT INTO `tb_score` VALUES (360, 60, '生物', 87);
INSERT INTO `tb_score` VALUES (361, 61, '语文', 58);
INSERT INTO `tb_score` VALUES (362, 61, '数学', 83);
INSERT INTO `tb_score` VALUES (363, 61, '英语', 84);
INSERT INTO `tb_score` VALUES (364, 61, '物理', 97);
INSERT INTO `tb_score` VALUES (365, 61, '化学', 92);
INSERT INTO `tb_score` VALUES (366, 61, '生物', 71);
INSERT INTO `tb_score` VALUES (367, 62, '语文', 92);
INSERT INTO `tb_score` VALUES (368, 62, '数学', 78);
INSERT INTO `tb_score` VALUES (369, 62, '英语', 53);
INSERT INTO `tb_score` VALUES (370, 62, '物理', 70);
INSERT INTO `tb_score` VALUES (371, 62, '化学', 32);
INSERT INTO `tb_score` VALUES (372, 62, '生物', 40);
INSERT INTO `tb_score` VALUES (373, 63, '语文', 60);
INSERT INTO `tb_score` VALUES (374, 63, '数学', 74);
INSERT INTO `tb_score` VALUES (375, 63, '英语', 82);
INSERT INTO `tb_score` VALUES (376, 63, '物理', 81);
INSERT INTO `tb_score` VALUES (377, 63, '化学', 37);
INSERT INTO `tb_score` VALUES (378, 63, '生物', 95);
INSERT INTO `tb_score` VALUES (379, 64, '语文', 85);
INSERT INTO `tb_score` VALUES (380, 64, '数学', 68);
INSERT INTO `tb_score` VALUES (381, 64, '英语', 78);
INSERT INTO `tb_score` VALUES (382, 64, '物理', 55);
INSERT INTO `tb_score` VALUES (383, 64, '化学', 63);
INSERT INTO `tb_score` VALUES (384, 64, '生物', 88);
INSERT INTO `tb_score` VALUES (385, 65, '语文', 40);
INSERT INTO `tb_score` VALUES (386, 65, '数学', 56);
INSERT INTO `tb_score` VALUES (387, 65, '英语', 80);
INSERT INTO `tb_score` VALUES (388, 65, '物理', 75);
INSERT INTO `tb_score` VALUES (389, 65, '化学', 35);
INSERT INTO `tb_score` VALUES (390, 65, '生物', 76);
INSERT INTO `tb_score` VALUES (391, 66, '语文', 90);
INSERT INTO `tb_score` VALUES (392, 66, '数学', 81);
INSERT INTO `tb_score` VALUES (393, 66, '英语', 48);
INSERT INTO `tb_score` VALUES (394, 66, '物理', 91);
INSERT INTO `tb_score` VALUES (395, 66, '化学', 45);
INSERT INTO `tb_score` VALUES (396, 66, '生物', 31);
INSERT INTO `tb_score` VALUES (397, 67, '语文', 80);
INSERT INTO `tb_score` VALUES (398, 67, '数学', 73);
INSERT INTO `tb_score` VALUES (399, 67, '英语', 97);
INSERT INTO `tb_score` VALUES (400, 67, '物理', 81);
INSERT INTO `tb_score` VALUES (401, 67, '化学', 75);
INSERT INTO `tb_score` VALUES (402, 67, '生物', 45);
INSERT INTO `tb_score` VALUES (403, 68, '语文', 33);
INSERT INTO `tb_score` VALUES (404, 68, '数学', 70);
INSERT INTO `tb_score` VALUES (405, 68, '英语', 36);
INSERT INTO `tb_score` VALUES (406, 68, '物理', 37);
INSERT INTO `tb_score` VALUES (407, 68, '化学', 93);
INSERT INTO `tb_score` VALUES (408, 68, '生物', 70);
INSERT INTO `tb_score` VALUES (409, 69, '语文', 39);
INSERT INTO `tb_score` VALUES (410, 69, '数学', 33);
INSERT INTO `tb_score` VALUES (411, 69, '英语', 49);
INSERT INTO `tb_score` VALUES (412, 69, '物理', 58);
INSERT INTO `tb_score` VALUES (413, 69, '化学', 41);
INSERT INTO `tb_score` VALUES (414, 69, '生物', 88);
INSERT INTO `tb_score` VALUES (415, 70, '语文', 39);
INSERT INTO `tb_score` VALUES (416, 70, '数学', 69);
INSERT INTO `tb_score` VALUES (417, 70, '英语', 99);
INSERT INTO `tb_score` VALUES (418, 70, '物理', 70);
INSERT INTO `tb_score` VALUES (419, 70, '化学', 75);
INSERT INTO `tb_score` VALUES (420, 70, '生物', 36);
INSERT INTO `tb_score` VALUES (421, 71, '语文', 33);
INSERT INTO `tb_score` VALUES (422, 71, '数学', 84);
INSERT INTO `tb_score` VALUES (423, 71, '英语', 83);
INSERT INTO `tb_score` VALUES (424, 71, '物理', 99);
INSERT INTO `tb_score` VALUES (425, 71, '化学', 49);
INSERT INTO `tb_score` VALUES (426, 71, '生物', 75);
INSERT INTO `tb_score` VALUES (427, 72, '语文', 69);
INSERT INTO `tb_score` VALUES (428, 72, '数学', 60);
INSERT INTO `tb_score` VALUES (429, 72, '英语', 44);
INSERT INTO `tb_score` VALUES (430, 72, '物理', 33);
INSERT INTO `tb_score` VALUES (431, 72, '化学', 83);
INSERT INTO `tb_score` VALUES (432, 72, '生物', 98);
INSERT INTO `tb_score` VALUES (433, 73, '语文', 69);
INSERT INTO `tb_score` VALUES (434, 73, '数学', 78);
INSERT INTO `tb_score` VALUES (435, 73, '英语', 42);
INSERT INTO `tb_score` VALUES (436, 73, '物理', 75);
INSERT INTO `tb_score` VALUES (437, 73, '化学', 39);
INSERT INTO `tb_score` VALUES (438, 73, '生物', 47);
INSERT INTO `tb_score` VALUES (439, 74, '语文', 78);
INSERT INTO `tb_score` VALUES (440, 74, '数学', 44);
INSERT INTO `tb_score` VALUES (441, 74, '英语', 53);
INSERT INTO `tb_score` VALUES (442, 74, '物理', 53);
INSERT INTO `tb_score` VALUES (443, 74, '化学', 42);
INSERT INTO `tb_score` VALUES (444, 74, '生物', 72);
INSERT INTO `tb_score` VALUES (445, 75, '语文', 36);
INSERT INTO `tb_score` VALUES (446, 75, '数学', 35);
INSERT INTO `tb_score` VALUES (447, 75, '英语', 89);
INSERT INTO `tb_score` VALUES (448, 75, '物理', 49);
INSERT INTO `tb_score` VALUES (449, 75, '化学', 83);
INSERT INTO `tb_score` VALUES (450, 75, '生物', 56);
INSERT INTO `tb_score` VALUES (451, 76, '语文', 43);
INSERT INTO `tb_score` VALUES (452, 76, '数学', 36);
INSERT INTO `tb_score` VALUES (453, 76, '英语', 88);
INSERT INTO `tb_score` VALUES (454, 76, '物理', 77);
INSERT INTO `tb_score` VALUES (455, 76, '化学', 84);
INSERT INTO `tb_score` VALUES (456, 76, '生物', 41);
INSERT INTO `tb_score` VALUES (457, 77, '语文', 61);
INSERT INTO `tb_score` VALUES (458, 77, '数学', 85);
INSERT INTO `tb_score` VALUES (459, 77, '英语', 62);
INSERT INTO `tb_score` VALUES (460, 77, '物理', 34);
INSERT INTO `tb_score` VALUES (461, 77, '化学', 57);
INSERT INTO `tb_score` VALUES (462, 77, '生物', 41);
INSERT INTO `tb_score` VALUES (463, 78, '语文', 99);
INSERT INTO `tb_score` VALUES (464, 78, '数学', 44);
INSERT INTO `tb_score` VALUES (465, 78, '英语', 56);
INSERT INTO `tb_score` VALUES (466, 78, '物理', 67);
INSERT INTO `tb_score` VALUES (467, 78, '化学', 58);
INSERT INTO `tb_score` VALUES (468, 78, '生物', 30);
INSERT INTO `tb_score` VALUES (469, 79, '语文', 54);
INSERT INTO `tb_score` VALUES (470, 79, '数学', 80);
INSERT INTO `tb_score` VALUES (471, 79, '英语', 63);
INSERT INTO `tb_score` VALUES (472, 79, '物理', 76);
INSERT INTO `tb_score` VALUES (473, 79, '化学', 60);
INSERT INTO `tb_score` VALUES (474, 79, '生物', 46);
INSERT INTO `tb_score` VALUES (475, 80, '语文', 73);
INSERT INTO `tb_score` VALUES (476, 80, '数学', 74);
INSERT INTO `tb_score` VALUES (477, 80, '英语', 40);
INSERT INTO `tb_score` VALUES (478, 80, '物理', 51);
INSERT INTO `tb_score` VALUES (479, 80, '化学', 91);
INSERT INTO `tb_score` VALUES (480, 80, '生物', 49);
INSERT INTO `tb_score` VALUES (481, 81, '语文', 87);
INSERT INTO `tb_score` VALUES (482, 81, '数学', 62);
INSERT INTO `tb_score` VALUES (483, 81, '英语', 51);
INSERT INTO `tb_score` VALUES (484, 81, '物理', 73);
INSERT INTO `tb_score` VALUES (485, 81, '化学', 72);
INSERT INTO `tb_score` VALUES (486, 81, '生物', 64);
INSERT INTO `tb_score` VALUES (487, 82, '语文', 61);
INSERT INTO `tb_score` VALUES (488, 82, '数学', 82);
INSERT INTO `tb_score` VALUES (489, 82, '英语', 96);
INSERT INTO `tb_score` VALUES (490, 82, '物理', 72);
INSERT INTO `tb_score` VALUES (491, 82, '化学', 68);
INSERT INTO `tb_score` VALUES (492, 82, '生物', 95);
INSERT INTO `tb_score` VALUES (493, 83, '语文', 96);
INSERT INTO `tb_score` VALUES (494, 83, '数学', 49);
INSERT INTO `tb_score` VALUES (495, 83, '英语', 84);
INSERT INTO `tb_score` VALUES (496, 83, '物理', 98);
INSERT INTO `tb_score` VALUES (497, 83, '化学', 76);
INSERT INTO `tb_score` VALUES (498, 83, '生物', 95);
INSERT INTO `tb_score` VALUES (499, 84, '语文', 63);
INSERT INTO `tb_score` VALUES (500, 84, '数学', 32);
INSERT INTO `tb_score` VALUES (501, 84, '英语', 78);
INSERT INTO `tb_score` VALUES (502, 84, '物理', 35);
INSERT INTO `tb_score` VALUES (503, 84, '化学', 96);
INSERT INTO `tb_score` VALUES (504, 84, '生物', 33);
INSERT INTO `tb_score` VALUES (505, 85, '语文', 42);
INSERT INTO `tb_score` VALUES (506, 85, '数学', 74);
INSERT INTO `tb_score` VALUES (507, 85, '英语', 45);
INSERT INTO `tb_score` VALUES (508, 85, '物理', 58);
INSERT INTO `tb_score` VALUES (509, 85, '化学', 97);
INSERT INTO `tb_score` VALUES (510, 85, '生物', 52);
INSERT INTO `tb_score` VALUES (511, 86, '语文', 69);
INSERT INTO `tb_score` VALUES (512, 86, '数学', 32);
INSERT INTO `tb_score` VALUES (513, 86, '英语', 65);
INSERT INTO `tb_score` VALUES (514, 86, '物理', 76);
INSERT INTO `tb_score` VALUES (515, 86, '化学', 45);
INSERT INTO `tb_score` VALUES (516, 86, '生物', 92);
INSERT INTO `tb_score` VALUES (517, 87, '语文', 52);
INSERT INTO `tb_score` VALUES (518, 87, '数学', 44);
INSERT INTO `tb_score` VALUES (519, 87, '英语', 68);
INSERT INTO `tb_score` VALUES (520, 87, '物理', 94);
INSERT INTO `tb_score` VALUES (521, 87, '化学', 39);
INSERT INTO `tb_score` VALUES (522, 87, '生物', 93);
INSERT INTO `tb_score` VALUES (523, 88, '语文', 95);
INSERT INTO `tb_score` VALUES (524, 88, '数学', 95);
INSERT INTO `tb_score` VALUES (525, 88, '英语', 61);
INSERT INTO `tb_score` VALUES (526, 88, '物理', 67);
INSERT INTO `tb_score` VALUES (527, 88, '化学', 38);
INSERT INTO `tb_score` VALUES (528, 88, '生物', 46);
INSERT INTO `tb_score` VALUES (529, 89, '语文', 72);
INSERT INTO `tb_score` VALUES (530, 89, '数学', 40);
INSERT INTO `tb_score` VALUES (531, 89, '英语', 50);
INSERT INTO `tb_score` VALUES (532, 89, '物理', 70);
INSERT INTO `tb_score` VALUES (533, 89, '化学', 55);
INSERT INTO `tb_score` VALUES (534, 89, '生物', 80);
INSERT INTO `tb_score` VALUES (535, 90, '语文', 98);
INSERT INTO `tb_score` VALUES (536, 90, '数学', 92);
INSERT INTO `tb_score` VALUES (537, 90, '英语', 40);
INSERT INTO `tb_score` VALUES (538, 90, '物理', 53);
INSERT INTO `tb_score` VALUES (539, 90, '化学', 31);
INSERT INTO `tb_score` VALUES (540, 90, '生物', 57);
INSERT INTO `tb_score` VALUES (541, 91, '语文', 42);
INSERT INTO `tb_score` VALUES (542, 91, '数学', 75);
INSERT INTO `tb_score` VALUES (543, 91, '英语', 65);
INSERT INTO `tb_score` VALUES (544, 91, '物理', 85);
INSERT INTO `tb_score` VALUES (545, 91, '化学', 56);
INSERT INTO `tb_score` VALUES (546, 91, '生物', 91);
INSERT INTO `tb_score` VALUES (547, 92, '语文', 96);
INSERT INTO `tb_score` VALUES (548, 92, '数学', 87);
INSERT INTO `tb_score` VALUES (549, 92, '英语', 68);
INSERT INTO `tb_score` VALUES (550, 92, '物理', 55);
INSERT INTO `tb_score` VALUES (551, 92, '化学', 45);
INSERT INTO `tb_score` VALUES (552, 92, '生物', 59);
INSERT INTO `tb_score` VALUES (553, 93, '语文', 82);
INSERT INTO `tb_score` VALUES (554, 93, '数学', 42);
INSERT INTO `tb_score` VALUES (555, 93, '英语', 74);
INSERT INTO `tb_score` VALUES (556, 93, '物理', 66);
INSERT INTO `tb_score` VALUES (557, 93, '化学', 36);
INSERT INTO `tb_score` VALUES (558, 93, '生物', 72);
INSERT INTO `tb_score` VALUES (559, 94, '语文', 57);
INSERT INTO `tb_score` VALUES (560, 94, '数学', 65);
INSERT INTO `tb_score` VALUES (561, 94, '英语', 52);
INSERT INTO `tb_score` VALUES (562, 94, '物理', 31);
INSERT INTO `tb_score` VALUES (563, 94, '化学', 59);
INSERT INTO `tb_score` VALUES (564, 94, '生物', 44);
INSERT INTO `tb_score` VALUES (565, 95, '语文', 96);
INSERT INTO `tb_score` VALUES (566, 95, '数学', 45);
INSERT INTO `tb_score` VALUES (567, 95, '英语', 47);
INSERT INTO `tb_score` VALUES (568, 95, '物理', 88);
INSERT INTO `tb_score` VALUES (569, 95, '化学', 37);
INSERT INTO `tb_score` VALUES (570, 95, '生物', 55);
INSERT INTO `tb_score` VALUES (571, 96, '语文', 65);
INSERT INTO `tb_score` VALUES (572, 96, '数学', 43);
INSERT INTO `tb_score` VALUES (573, 96, '英语', 65);
INSERT INTO `tb_score` VALUES (574, 96, '物理', 91);
INSERT INTO `tb_score` VALUES (575, 96, '化学', 40);
INSERT INTO `tb_score` VALUES (576, 96, '生物', 37);
INSERT INTO `tb_score` VALUES (577, 97, '语文', 56);
INSERT INTO `tb_score` VALUES (578, 97, '数学', 50);
INSERT INTO `tb_score` VALUES (579, 97, '英语', 45);
INSERT INTO `tb_score` VALUES (580, 97, '物理', 97);
INSERT INTO `tb_score` VALUES (581, 97, '化学', 67);
INSERT INTO `tb_score` VALUES (582, 97, '生物', 99);
INSERT INTO `tb_score` VALUES (583, 98, '语文', 72);
INSERT INTO `tb_score` VALUES (584, 98, '数学', 83);
INSERT INTO `tb_score` VALUES (585, 98, '英语', 62);
INSERT INTO `tb_score` VALUES (586, 98, '物理', 38);
INSERT INTO `tb_score` VALUES (587, 98, '化学', 98);
INSERT INTO `tb_score` VALUES (588, 98, '生物', 34);
INSERT INTO `tb_score` VALUES (589, 99, '语文', 68);
INSERT INTO `tb_score` VALUES (590, 99, '数学', 34);
INSERT INTO `tb_score` VALUES (591, 99, '英语', 61);
INSERT INTO `tb_score` VALUES (592, 99, '物理', 93);
INSERT INTO `tb_score` VALUES (593, 99, '化学', 95);
INSERT INTO `tb_score` VALUES (594, 99, '生物', 49);
INSERT INTO `tb_score` VALUES (595, 100, '语文', 74);
INSERT INTO `tb_score` VALUES (596, 100, '数学', 82);
INSERT INTO `tb_score` VALUES (597, 100, '英语', 50);
INSERT INTO `tb_score` VALUES (598, 100, '物理', 92);
INSERT INTO `tb_score` VALUES (599, 100, '化学', 56);
INSERT INTO `tb_score` VALUES (600, 100, '生物', 55);
INSERT INTO `tb_score` VALUES (601, 101, '语文', 82);
INSERT INTO `tb_score` VALUES (602, 101, '数学', 53);
INSERT INTO `tb_score` VALUES (603, 101, '英语', 45);
INSERT INTO `tb_score` VALUES (604, 101, '物理', 99);
INSERT INTO `tb_score` VALUES (605, 101, '化学', 49);
INSERT INTO `tb_score` VALUES (606, 101, '生物', 90);
INSERT INTO `tb_score` VALUES (607, 102, '语文', 40);
INSERT INTO `tb_score` VALUES (608, 102, '数学', 46);
INSERT INTO `tb_score` VALUES (609, 102, '英语', 45);
INSERT INTO `tb_score` VALUES (610, 102, '物理', 45);
INSERT INTO `tb_score` VALUES (611, 102, '化学', 47);
INSERT INTO `tb_score` VALUES (612, 102, '生物', 67);
INSERT INTO `tb_score` VALUES (613, 103, '语文', 52);
INSERT INTO `tb_score` VALUES (614, 103, '数学', 48);
INSERT INTO `tb_score` VALUES (615, 103, '英语', 61);
INSERT INTO `tb_score` VALUES (616, 103, '物理', 95);
INSERT INTO `tb_score` VALUES (617, 103, '化学', 34);
INSERT INTO `tb_score` VALUES (618, 103, '生物', 91);
INSERT INTO `tb_score` VALUES (619, 104, '语文', 87);
INSERT INTO `tb_score` VALUES (620, 104, '数学', 68);
INSERT INTO `tb_score` VALUES (621, 104, '英语', 60);
INSERT INTO `tb_score` VALUES (622, 104, '物理', 77);
INSERT INTO `tb_score` VALUES (623, 104, '化学', 49);
INSERT INTO `tb_score` VALUES (624, 104, '生物', 58);
INSERT INTO `tb_score` VALUES (625, 105, '语文', 61);
INSERT INTO `tb_score` VALUES (626, 105, '数学', 67);
INSERT INTO `tb_score` VALUES (627, 105, '英语', 75);
INSERT INTO `tb_score` VALUES (628, 105, '物理', 39);
INSERT INTO `tb_score` VALUES (629, 105, '化学', 45);
INSERT INTO `tb_score` VALUES (630, 105, '生物', 99);
INSERT INTO `tb_score` VALUES (631, 106, '语文', 33);
INSERT INTO `tb_score` VALUES (632, 106, '数学', 45);
INSERT INTO `tb_score` VALUES (633, 106, '英语', 88);
INSERT INTO `tb_score` VALUES (634, 106, '物理', 64);
INSERT INTO `tb_score` VALUES (635, 106, '化学', 93);
INSERT INTO `tb_score` VALUES (636, 106, '生物', 89);
INSERT INTO `tb_score` VALUES (637, 107, '语文', 48);
INSERT INTO `tb_score` VALUES (638, 107, '数学', 64);
INSERT INTO `tb_score` VALUES (639, 107, '英语', 47);
INSERT INTO `tb_score` VALUES (640, 107, '物理', 53);
INSERT INTO `tb_score` VALUES (641, 107, '化学', 70);
INSERT INTO `tb_score` VALUES (642, 107, '生物', 81);
INSERT INTO `tb_score` VALUES (643, 108, '语文', 75);
INSERT INTO `tb_score` VALUES (644, 108, '数学', 68);
INSERT INTO `tb_score` VALUES (645, 108, '英语', 46);
INSERT INTO `tb_score` VALUES (646, 108, '物理', 70);
INSERT INTO `tb_score` VALUES (647, 108, '化学', 87);
INSERT INTO `tb_score` VALUES (648, 108, '生物', 50);
INSERT INTO `tb_score` VALUES (649, 109, '语文', 85);
INSERT INTO `tb_score` VALUES (650, 109, '数学', 37);
INSERT INTO `tb_score` VALUES (651, 109, '英语', 72);
INSERT INTO `tb_score` VALUES (652, 109, '物理', 87);
INSERT INTO `tb_score` VALUES (653, 109, '化学', 71);
INSERT INTO `tb_score` VALUES (654, 109, '生物', 79);
INSERT INTO `tb_score` VALUES (655, 110, '语文', 33);
INSERT INTO `tb_score` VALUES (656, 110, '数学', 73);
INSERT INTO `tb_score` VALUES (657, 110, '英语', 85);
INSERT INTO `tb_score` VALUES (658, 110, '物理', 32);
INSERT INTO `tb_score` VALUES (659, 110, '化学', 98);
INSERT INTO `tb_score` VALUES (660, 110, '生物', 87);
INSERT INTO `tb_score` VALUES (661, 111, '语文', 54);
INSERT INTO `tb_score` VALUES (662, 111, '数学', 87);
INSERT INTO `tb_score` VALUES (663, 111, '英语', 40);
INSERT INTO `tb_score` VALUES (664, 111, '物理', 94);
INSERT INTO `tb_score` VALUES (665, 111, '化学', 55);
INSERT INTO `tb_score` VALUES (666, 111, '生物', 94);
INSERT INTO `tb_score` VALUES (667, 112, '语文', 78);
INSERT INTO `tb_score` VALUES (668, 112, '数学', 51);
INSERT INTO `tb_score` VALUES (669, 112, '英语', 68);
INSERT INTO `tb_score` VALUES (670, 112, '物理', 82);
INSERT INTO `tb_score` VALUES (671, 112, '化学', 79);
INSERT INTO `tb_score` VALUES (672, 112, '生物', 66);
INSERT INTO `tb_score` VALUES (673, 113, '语文', 67);
INSERT INTO `tb_score` VALUES (674, 113, '数学', 93);
INSERT INTO `tb_score` VALUES (675, 113, '英语', 45);
INSERT INTO `tb_score` VALUES (676, 113, '物理', 51);
INSERT INTO `tb_score` VALUES (677, 113, '化学', 57);
INSERT INTO `tb_score` VALUES (678, 113, '生物', 42);
INSERT INTO `tb_score` VALUES (679, 114, '语文', 67);
INSERT INTO `tb_score` VALUES (680, 114, '数学', 61);
INSERT INTO `tb_score` VALUES (681, 114, '英语', 84);
INSERT INTO `tb_score` VALUES (682, 114, '物理', 37);
INSERT INTO `tb_score` VALUES (683, 114, '化学', 52);
INSERT INTO `tb_score` VALUES (684, 114, '生物', 62);
INSERT INTO `tb_score` VALUES (685, 115, '语文', 39);
INSERT INTO `tb_score` VALUES (686, 115, '数学', 58);
INSERT INTO `tb_score` VALUES (687, 115, '英语', 97);
INSERT INTO `tb_score` VALUES (688, 115, '物理', 30);
INSERT INTO `tb_score` VALUES (689, 115, '化学', 92);
INSERT INTO `tb_score` VALUES (690, 115, '生物', 82);
INSERT INTO `tb_score` VALUES (691, 116, '语文', 31);
INSERT INTO `tb_score` VALUES (692, 116, '数学', 97);
INSERT INTO `tb_score` VALUES (693, 116, '英语', 54);
INSERT INTO `tb_score` VALUES (694, 116, '物理', 32);
INSERT INTO `tb_score` VALUES (695, 116, '化学', 50);
INSERT INTO `tb_score` VALUES (696, 116, '生物', 48);
INSERT INTO `tb_score` VALUES (697, 117, '语文', 88);
INSERT INTO `tb_score` VALUES (698, 117, '数学', 43);
INSERT INTO `tb_score` VALUES (699, 117, '英语', 76);
INSERT INTO `tb_score` VALUES (700, 117, '物理', 38);
INSERT INTO `tb_score` VALUES (701, 117, '化学', 34);
INSERT INTO `tb_score` VALUES (702, 117, '生物', 39);
INSERT INTO `tb_score` VALUES (703, 118, '语文', 56);
INSERT INTO `tb_score` VALUES (704, 118, '数学', 40);
INSERT INTO `tb_score` VALUES (705, 118, '英语', 47);
INSERT INTO `tb_score` VALUES (706, 118, '物理', 77);
INSERT INTO `tb_score` VALUES (707, 118, '化学', 64);
INSERT INTO `tb_score` VALUES (708, 118, '生物', 52);
INSERT INTO `tb_score` VALUES (709, 119, '语文', 43);
INSERT INTO `tb_score` VALUES (710, 119, '数学', 68);
INSERT INTO `tb_score` VALUES (711, 119, '英语', 38);
INSERT INTO `tb_score` VALUES (712, 119, '物理', 58);
INSERT INTO `tb_score` VALUES (713, 119, '化学', 33);
INSERT INTO `tb_score` VALUES (714, 119, '生物', 70);
INSERT INTO `tb_score` VALUES (715, 120, '语文', 57);
INSERT INTO `tb_score` VALUES (716, 120, '数学', 99);
INSERT INTO `tb_score` VALUES (717, 120, '英语', 61);
INSERT INTO `tb_score` VALUES (718, 120, '物理', 30);
INSERT INTO `tb_score` VALUES (719, 120, '化学', 78);
INSERT INTO `tb_score` VALUES (720, 120, '生物', 52);
INSERT INTO `tb_score` VALUES (721, 121, '语文', 65);
INSERT INTO `tb_score` VALUES (722, 121, '数学', 47);
INSERT INTO `tb_score` VALUES (723, 121, '英语', 43);
INSERT INTO `tb_score` VALUES (724, 121, '物理', 80);
INSERT INTO `tb_score` VALUES (725, 121, '化学', 71);
INSERT INTO `tb_score` VALUES (726, 121, '生物', 59);
INSERT INTO `tb_score` VALUES (727, 122, '语文', 36);
INSERT INTO `tb_score` VALUES (728, 122, '数学', 46);
INSERT INTO `tb_score` VALUES (729, 122, '英语', 82);
INSERT INTO `tb_score` VALUES (730, 122, '物理', 57);
INSERT INTO `tb_score` VALUES (731, 122, '化学', 37);
INSERT INTO `tb_score` VALUES (732, 122, '生物', 61);
INSERT INTO `tb_score` VALUES (733, 123, '语文', 81);
INSERT INTO `tb_score` VALUES (734, 123, '数学', 74);
INSERT INTO `tb_score` VALUES (735, 123, '英语', 46);
INSERT INTO `tb_score` VALUES (736, 123, '物理', 96);
INSERT INTO `tb_score` VALUES (737, 123, '化学', 96);
INSERT INTO `tb_score` VALUES (738, 123, '生物', 56);
INSERT INTO `tb_score` VALUES (739, 124, '语文', 81);
INSERT INTO `tb_score` VALUES (740, 124, '数学', 30);
INSERT INTO `tb_score` VALUES (741, 124, '英语', 85);
INSERT INTO `tb_score` VALUES (742, 124, '物理', 62);
INSERT INTO `tb_score` VALUES (743, 124, '化学', 32);
INSERT INTO `tb_score` VALUES (744, 124, '生物', 91);
INSERT INTO `tb_score` VALUES (745, 125, '语文', 47);
INSERT INTO `tb_score` VALUES (746, 125, '数学', 42);
INSERT INTO `tb_score` VALUES (747, 125, '英语', 63);
INSERT INTO `tb_score` VALUES (748, 125, '物理', 37);
INSERT INTO `tb_score` VALUES (749, 125, '化学', 70);
INSERT INTO `tb_score` VALUES (750, 125, '生物', 62);
INSERT INTO `tb_score` VALUES (751, 126, '语文', 74);
INSERT INTO `tb_score` VALUES (752, 126, '数学', 32);
INSERT INTO `tb_score` VALUES (753, 126, '英语', 65);
INSERT INTO `tb_score` VALUES (754, 126, '物理', 86);
INSERT INTO `tb_score` VALUES (755, 126, '化学', 35);
INSERT INTO `tb_score` VALUES (756, 126, '生物', 62);
INSERT INTO `tb_score` VALUES (757, 127, '语文', 39);
INSERT INTO `tb_score` VALUES (758, 127, '数学', 77);
INSERT INTO `tb_score` VALUES (759, 127, '英语', 58);
INSERT INTO `tb_score` VALUES (760, 127, '物理', 49);
INSERT INTO `tb_score` VALUES (761, 127, '化学', 34);
INSERT INTO `tb_score` VALUES (762, 127, '生物', 75);
INSERT INTO `tb_score` VALUES (763, 128, '语文', 92);
INSERT INTO `tb_score` VALUES (764, 128, '数学', 51);
INSERT INTO `tb_score` VALUES (765, 128, '英语', 55);
INSERT INTO `tb_score` VALUES (766, 128, '物理', 93);
INSERT INTO `tb_score` VALUES (767, 128, '化学', 32);
INSERT INTO `tb_score` VALUES (768, 128, '生物', 32);
INSERT INTO `tb_score` VALUES (769, 129, '语文', 56);
INSERT INTO `tb_score` VALUES (770, 129, '数学', 69);
INSERT INTO `tb_score` VALUES (771, 129, '英语', 64);
INSERT INTO `tb_score` VALUES (772, 129, '物理', 42);
INSERT INTO `tb_score` VALUES (773, 129, '化学', 78);
INSERT INTO `tb_score` VALUES (774, 129, '生物', 60);
INSERT INTO `tb_score` VALUES (775, 130, '语文', 69);
INSERT INTO `tb_score` VALUES (776, 130, '数学', 75);
INSERT INTO `tb_score` VALUES (777, 130, '英语', 70);
INSERT INTO `tb_score` VALUES (778, 130, '物理', 70);
INSERT INTO `tb_score` VALUES (779, 130, '化学', 50);
INSERT INTO `tb_score` VALUES (780, 130, '生物', 79);
INSERT INTO `tb_score` VALUES (781, 131, '语文', 58);
INSERT INTO `tb_score` VALUES (782, 131, '数学', 48);
INSERT INTO `tb_score` VALUES (783, 131, '英语', 69);
INSERT INTO `tb_score` VALUES (784, 131, '物理', 99);
INSERT INTO `tb_score` VALUES (785, 131, '化学', 48);
INSERT INTO `tb_score` VALUES (786, 131, '生物', 97);
INSERT INTO `tb_score` VALUES (787, 132, '语文', 34);
INSERT INTO `tb_score` VALUES (788, 132, '数学', 85);
INSERT INTO `tb_score` VALUES (789, 132, '英语', 68);
INSERT INTO `tb_score` VALUES (790, 132, '物理', 38);
INSERT INTO `tb_score` VALUES (791, 132, '化学', 87);
INSERT INTO `tb_score` VALUES (792, 132, '生物', 97);
INSERT INTO `tb_score` VALUES (793, 133, '语文', 85);
INSERT INTO `tb_score` VALUES (794, 133, '数学', 83);
INSERT INTO `tb_score` VALUES (795, 133, '英语', 95);
INSERT INTO `tb_score` VALUES (796, 133, '物理', 33);
INSERT INTO `tb_score` VALUES (797, 133, '化学', 80);
INSERT INTO `tb_score` VALUES (798, 133, '生物', 72);
INSERT INTO `tb_score` VALUES (799, 134, '语文', 32);
INSERT INTO `tb_score` VALUES (800, 134, '数学', 68);
INSERT INTO `tb_score` VALUES (801, 134, '英语', 85);
INSERT INTO `tb_score` VALUES (802, 134, '物理', 95);
INSERT INTO `tb_score` VALUES (803, 134, '化学', 40);
INSERT INTO `tb_score` VALUES (804, 134, '生物', 54);
INSERT INTO `tb_score` VALUES (805, 135, '语文', 91);
INSERT INTO `tb_score` VALUES (806, 135, '数学', 48);
INSERT INTO `tb_score` VALUES (807, 135, '英语', 96);
INSERT INTO `tb_score` VALUES (808, 135, '物理', 41);
INSERT INTO `tb_score` VALUES (809, 135, '化学', 54);
INSERT INTO `tb_score` VALUES (810, 135, '生物', 94);
INSERT INTO `tb_score` VALUES (811, 136, '语文', 88);
INSERT INTO `tb_score` VALUES (812, 136, '数学', 59);
INSERT INTO `tb_score` VALUES (813, 136, '英语', 97);
INSERT INTO `tb_score` VALUES (814, 136, '物理', 66);
INSERT INTO `tb_score` VALUES (815, 136, '化学', 67);
INSERT INTO `tb_score` VALUES (816, 136, '生物', 54);
INSERT INTO `tb_score` VALUES (817, 137, '语文', 73);
INSERT INTO `tb_score` VALUES (818, 137, '数学', 47);
INSERT INTO `tb_score` VALUES (819, 137, '英语', 32);
INSERT INTO `tb_score` VALUES (820, 137, '物理', 34);
INSERT INTO `tb_score` VALUES (821, 137, '化学', 32);
INSERT INTO `tb_score` VALUES (822, 137, '生物', 85);
INSERT INTO `tb_score` VALUES (823, 138, '语文', 67);
INSERT INTO `tb_score` VALUES (824, 138, '数学', 58);
INSERT INTO `tb_score` VALUES (825, 138, '英语', 34);
INSERT INTO `tb_score` VALUES (826, 138, '物理', 70);
INSERT INTO `tb_score` VALUES (827, 138, '化学', 88);
INSERT INTO `tb_score` VALUES (828, 138, '生物', 85);
INSERT INTO `tb_score` VALUES (829, 139, '语文', 97);
INSERT INTO `tb_score` VALUES (830, 139, '数学', 58);
INSERT INTO `tb_score` VALUES (831, 139, '英语', 64);
INSERT INTO `tb_score` VALUES (832, 139, '物理', 32);
INSERT INTO `tb_score` VALUES (833, 139, '化学', 43);
INSERT INTO `tb_score` VALUES (834, 139, '生物', 57);

-- ----------------------------
-- Table structure for tb_student
-- ----------------------------
DROP TABLE IF EXISTS `tb_student`;
CREATE TABLE `tb_student`  (
  `student_id` bigint NOT NULL AUTO_INCREMENT COMMENT '学生编号',
  `class_id` bigint NULL DEFAULT NULL COMMENT '班级编号',
  `student_name` varchar(25) CHARACTER SET utf8mb4 COLLATE utf8mb4_general_ci NULL DEFAULT NULL COMMENT '学生姓名',
  `student_gender` char(1) CHARACTER SET utf8mb4 COLLATE utf8mb4_general_ci NULL DEFAULT NULL COMMENT '学生性别',
  `student_birth` date NULL DEFAULT NULL COMMENT '出生日期',
  PRIMARY KEY (`student_id`) USING BTREE
) ENGINE = InnoDB CHARACTER SET = utf8mb4 COLLATE = utf8mb4_general_ci ROW_FORMAT = Dynamic;

-- ----------------------------
-- Records of tb_student
-- ----------------------------
INSERT INTO `tb_student` VALUES (1, 1, '药官', '男', '2006-06-24');
INSERT INTO `tb_student` VALUES (2, 1, '紫鹃', '女', '2006-04-17');
INSERT INTO `tb_student` VALUES (3, 1, '彩云', '女', '2006-12-26');
INSERT INTO `tb_student` VALUES (4, 1, '刘姥姥', '男', '2006-12-26');
INSERT INTO `tb_student` VALUES (5, 1, '坠儿', '男', '2006-02-03');
INSERT INTO `tb_student` VALUES (6, 1, '圆信', '女', '2006-09-13');
INSERT INTO `tb_student` VALUES (7, 1, '王熙凤', '男', '2006-06-07');
INSERT INTO `tb_student` VALUES (8, 1, '吴贵', '女', '2006-05-03');
INSERT INTO `tb_student` VALUES (9, 1, '马道婆', '男', '2005-11-08');
INSERT INTO `tb_student` VALUES (10, 1, '薛宝钗', '男', '2006-10-24');
INSERT INTO `tb_student` VALUES (11, 1, '乌进孝', '女', '2006-12-16');
INSERT INTO `tb_student` VALUES (12, 1, '住儿', '男', '2006-04-26');
INSERT INTO `tb_student` VALUES (13, 1, '贾芸', '女', '2006-11-13');
INSERT INTO `tb_student` VALUES (14, 1, '小红', '女', '2006-03-15');
INSERT INTO `tb_student` VALUES (15, 1, '鸳鸯', '男', '2005-04-12');
INSERT INTO `tb_student` VALUES (16, 2, '王仁', '男', '2006-09-28');
INSERT INTO `tb_student` VALUES (17, 2, '智善', '男', '2006-12-26');
INSERT INTO `tb_student` VALUES (18, 2, '袭人', '男', '2006-02-02');
INSERT INTO `tb_student` VALUES (19, 2, '豆官', '女', '2006-10-20');
INSERT INTO `tb_student` VALUES (20, 2, '贾环', '男', '2006-12-06');
INSERT INTO `tb_student` VALUES (21, 2, '贾探春', '女', '2006-11-12');
INSERT INTO `tb_student` VALUES (22, 2, '王子腾', '男', '2006-07-14');
INSERT INTO `tb_student` VALUES (23, 2, '彩明', '女', '2006-11-16');
INSERT INTO `tb_student` VALUES (24, 2, '司棋', '男', '2006-10-01');
INSERT INTO `tb_student` VALUES (25, 2, '林黛玉', '女', '2006-11-17');
INSERT INTO `tb_student` VALUES (26, 2, '玻璃', '女', '2006-02-15');
INSERT INTO `tb_student` VALUES (27, 2, '蕊官', '男', '2006-12-03');
INSERT INTO `tb_student` VALUES (28, 2, '玉柱儿', '男', '2006-06-13');
INSERT INTO `tb_student` VALUES (29, 2, '贾瑞', '男', '2006-05-28');
INSERT INTO `tb_student` VALUES (30, 2, '贾琏', '女', '2006-05-03');
INSERT INTO `tb_student` VALUES (31, 3, '庆儿', '男', '2006-10-26');
INSERT INTO `tb_student` VALUES (32, 3, '山子野', '女', '2006-02-07');
INSERT INTO `tb_student` VALUES (33, 3, '芳官', '女', '2006-10-05');
INSERT INTO `tb_student` VALUES (34, 3, '东平王', '男', '2006-12-27');
INSERT INTO `tb_student` VALUES (35, 3, '石呆子', '女', '2006-05-20');
INSERT INTO `tb_student` VALUES (36, 3, '林之孝', '女', '2006-05-05');
INSERT INTO `tb_student` VALUES (37, 3, '昭儿', '男', '2006-11-12');
INSERT INTO `tb_student` VALUES (38, 3, '春纤', '女', '2006-01-03');
INSERT INTO `tb_student` VALUES (39, 3, '玉官', '女', '2006-01-11');
INSERT INTO `tb_student` VALUES (40, 3, '篆儿', '女', '2006-08-10');
INSERT INTO `tb_student` VALUES (41, 3, '周瑞', '女', '2006-06-21');
INSERT INTO `tb_student` VALUES (42, 3, '笑儿', '男', '2006-01-02');
INSERT INTO `tb_student` VALUES (43, 3, '薛宝琴', '男', '2006-04-27');
INSERT INTO `tb_student` VALUES (44, 3, '大色空', '女', '2006-04-22');
INSERT INTO `tb_student` VALUES (45, 3, '单聘仁', '男', '2006-12-05');
INSERT INTO `tb_student` VALUES (46, 4, '彩凤', '女', '2005-04-11');
INSERT INTO `tb_student` VALUES (47, 4, '彩屏', '男', '2005-01-26');
INSERT INTO `tb_student` VALUES (48, 4, '甄宝玉', '女', '2005-07-05');
INSERT INTO `tb_student` VALUES (49, 4, '丰儿', '男', '2005-09-08');
INSERT INTO `tb_student` VALUES (50, 4, '王善保', '男', '2005-11-28');
INSERT INTO `tb_student` VALUES (51, 4, '雪雁', '男', '2005-05-22');
INSERT INTO `tb_student` VALUES (52, 4, '蒋玉菡', '女', '2005-10-09');
INSERT INTO `tb_student` VALUES (53, 4, '彩鸾', '女', '2005-02-19');
INSERT INTO `tb_student` VALUES (54, 4, '贾兰', '女', '2005-05-20');
INSERT INTO `tb_student` VALUES (55, 4, '智通', '女', '2005-11-23');
INSERT INTO `tb_student` VALUES (56, 4, '扫红', '女', '2005-12-16');
INSERT INTO `tb_student` VALUES (57, 4, '裘世安', '男', '2005-01-23');
INSERT INTO `tb_student` VALUES (58, 4, '葵官', '男', '2005-02-06');
INSERT INTO `tb_student` VALUES (59, 4, '贾芹', '女', '2005-10-25');
INSERT INTO `tb_student` VALUES (60, 4, '贾宝玉', '女', '2005-10-05');
INSERT INTO `tb_student` VALUES (61, 5, '宋嬷嬷', '女', '2005-05-05');
INSERT INTO `tb_student` VALUES (62, 5, '夏秉忠', '男', '2005-03-03');
INSERT INTO `tb_student` VALUES (63, 5, '贾迎春', '男', '2005-08-02');
INSERT INTO `tb_student` VALUES (64, 5, '贾蓉', '女', '2005-12-16');
INSERT INTO `tb_student` VALUES (65, 5, '妙玉', '女', '2005-12-04');
INSERT INTO `tb_student` VALUES (66, 5, '程日兴', '女', '2005-01-08');
INSERT INTO `tb_student` VALUES (67, 5, '贾赦', '女', '2005-10-18');
INSERT INTO `tb_student` VALUES (68, 5, '茗烟', '男', '2005-08-16');
INSERT INTO `tb_student` VALUES (69, 5, '翠缕', '女', '2005-05-12');
INSERT INTO `tb_student` VALUES (70, 5, '赖大', '女', '2005-04-22');
INSERT INTO `tb_student` VALUES (71, 5, '宝官', '女', '2005-12-02');
INSERT INTO `tb_student` VALUES (72, 5, '尤三姐', '男', '2005-11-18');
INSERT INTO `tb_student` VALUES (73, 5, '茄官', '女', '2005-07-12');
INSERT INTO `tb_student` VALUES (74, 5, '琥珀', '女', '2004-06-15');
INSERT INTO `tb_student` VALUES (75, 5, '载权', '女', '2005-03-17');
INSERT INTO `tb_student` VALUES (76, 6, '薛蝌', '女', '2005-09-01');
INSERT INTO `tb_student` VALUES (77, 6, '龄官', '男', '2005-05-03');
INSERT INTO `tb_student` VALUES (78, 6, '吴新登', '男', '2005-08-20');
INSERT INTO `tb_student` VALUES (79, 6, '侍画', '男', '2005-09-12');
INSERT INTO `tb_student` VALUES (80, 6, '艾官', '男', '2005-08-24');
INSERT INTO `tb_student` VALUES (81, 6, '李纨', '男', '2005-03-05');
INSERT INTO `tb_student` VALUES (82, 6, '翡翠', '男', '2004-02-23');
INSERT INTO `tb_student` VALUES (83, 6, '王作梅', '男', '2005-11-16');
INSERT INTO `tb_student` VALUES (84, 6, '冷子兴', '男', '2005-10-03');
INSERT INTO `tb_student` VALUES (85, 6, '贾敏', '男', '2005-08-05');
INSERT INTO `tb_student` VALUES (86, 6, '包勇', '男', '2005-06-04');
INSERT INTO `tb_student` VALUES (87, 6, '琪官', '男', '2005-10-16');
INSERT INTO `tb_student` VALUES (88, 6, '贾巧姐', '男', '2005-11-03');
INSERT INTO `tb_student` VALUES (89, 6, '喜儿', '男', '2005-06-28');
INSERT INTO `tb_student` VALUES (90, 6, '贾政', '男', '2005-08-10');
INSERT INTO `tb_student` VALUES (91, 7, '贾元春', '女', '2004-08-13');
INSERT INTO `tb_student` VALUES (92, 7, '抱琴', '女', '2004-02-09');
INSERT INTO `tb_student` VALUES (93, 7, '小舍儿', '女', '2004-04-07');
INSERT INTO `tb_student` VALUES (94, 7, '秦可卿', '女', '2004-03-03');
INSERT INTO `tb_student` VALUES (95, 7, '贾惜春', '女', '2004-11-18');
INSERT INTO `tb_student` VALUES (96, 7, '张金哥', '女', '2004-08-05');
INSERT INTO `tb_student` VALUES (97, 7, '彩儿', '男', '2004-02-27');
INSERT INTO `tb_student` VALUES (98, 7, '李十儿', '男', '2004-02-22');
INSERT INTO `tb_student` VALUES (99, 7, '秦锺', '男', '2004-03-17');
INSERT INTO `tb_student` VALUES (100, 7, '詹光', '女', '2004-09-18');
INSERT INTO `tb_student` VALUES (101, 7, '伴鹤', '男', '2004-11-18');
INSERT INTO `tb_student` VALUES (102, 7, '麝月', '女', '2004-01-25');
INSERT INTO `tb_student` VALUES (103, 7, '史湘云', '男', '2004-04-22');
INSERT INTO `tb_student` VALUES (104, 7, '方椿', '女', '2004-07-26');
INSERT INTO `tb_student` VALUES (105, 7, '小鹊', '女', '2004-10-17');
INSERT INTO `tb_student` VALUES (106, 8, '珍珠', '女', '2004-11-14');
INSERT INTO `tb_student` VALUES (107, 8, '张华', '女', '2004-04-02');
INSERT INTO `tb_student` VALUES (108, 8, '王夫人', '男', '2004-07-19');
INSERT INTO `tb_student` VALUES (109, 8, '贾代修', '女', '2004-07-09');
INSERT INTO `tb_student` VALUES (110, 8, '贾代化', '女', '2004-07-10');
INSERT INTO `tb_student` VALUES (111, 8, '尤二姐', '男', '2004-06-22');
INSERT INTO `tb_student` VALUES (112, 8, '小蝉', '男', '2004-05-12');
INSERT INTO `tb_student` VALUES (113, 8, '贾代儒', '男', '2004-08-19');
INSERT INTO `tb_student` VALUES (114, 8, '碧痕', '男', '2004-06-15');
INSERT INTO `tb_student` VALUES (115, 8, '尤氏', '女', '2004-07-26');
INSERT INTO `tb_student` VALUES (116, 8, '彩霞', '男', '2004-06-18');
INSERT INTO `tb_student` VALUES (117, 8, '翠墨', '男', '2004-05-27');
INSERT INTO `tb_student` VALUES (118, 8, '晴雯', '女', '2004-11-24');
INSERT INTO `tb_student` VALUES (119, 8, '邓好时', '女', '2004-08-18');
INSERT INTO `tb_student` VALUES (120, 8, '智能', '女', '2004-07-18');
INSERT INTO `tb_student` VALUES (121, 9, '锄药', '男', '2004-01-22');
INSERT INTO `tb_student` VALUES (122, 9, '余信', '男', '2004-11-18');
INSERT INTO `tb_student` VALUES (123, 9, '寿儿', '男', '2004-06-22');
INSERT INTO `tb_student` VALUES (124, 9, '隆儿', '女', '2004-05-03');
INSERT INTO `tb_student` VALUES (125, 9, '金钏', '男', '2004-12-26');
INSERT INTO `tb_student` VALUES (126, 9, '入画', '女', '2004-08-20');
INSERT INTO `tb_student` VALUES (127, 9, '张妈妈', '女', '2004-04-04');
INSERT INTO `tb_student` VALUES (128, 9, '尤老娘', '女', '2004-01-01');
INSERT INTO `tb_student` VALUES (129, 9, '贾代善', '男', '2004-09-20');
INSERT INTO `tb_student` VALUES (130, 9, '贾蔷', '女', '2004-06-07');
INSERT INTO `tb_student` VALUES (131, 9, '贾敬', '男', '2003-07-14');
INSERT INTO `tb_student` VALUES (132, 9, '贾珍', '男', '2004-09-05');
INSERT INTO `tb_student` VALUES (133, 9, '净虚', '男', '2004-08-13');
INSERT INTO `tb_student` VALUES (134, 9, '薛蟠', '女', '2004-03-10');
INSERT INTO `tb_student` VALUES (135, 9, '藕官', '女', '2004-04-14');
INSERT INTO `tb_student` VALUES (136, 9, '平儿', '男', '2004-09-28');
INSERT INTO `tb_student` VALUES (137, 9, '香菱', '女', '2003-11-15');
INSERT INTO `tb_student` VALUES (138, 9, '柳湘莲', '男', '2004-12-05');
INSERT INTO `tb_student` VALUES (139, 9, '焦大', '男', '2004-02-13');

SET FOREIGN_KEY_CHECKS = 1;
